{
    "name": "root",
    "gauges": {
        "MyTestingML.Policy.Entropy.mean": {
            "value": 0.11049381643533707,
            "min": 0.11049381643533707,
            "max": 0.11049381643533707,
            "count": 1
        },
        "MyTestingML.Policy.Entropy.sum": {
            "value": 5524.69091796875,
            "min": 5524.69091796875,
            "max": 5524.69091796875,
            "count": 1
        },
        "MyTestingML.Environment.EpisodeLength.mean": {
            "value": 0.0,
            "min": 0.0,
            "max": 0.0,
            "count": 1
        },
        "MyTestingML.Environment.EpisodeLength.sum": {
            "value": 0.0,
            "min": 0.0,
            "max": 0.0,
            "count": 1
        },
        "MyTestingML.Step.mean": {
            "value": 49999.0,
            "min": 49999.0,
            "max": 49999.0,
            "count": 1
        },
        "MyTestingML.Step.sum": {
            "value": 49999.0,
            "min": 49999.0,
            "max": 49999.0,
            "count": 1
        },
        "MyTestingML.Policy.ExtrinsicValueEstimate.mean": {
            "value": 0.8583032488822937,
            "min": 0.8583032488822937,
            "max": 0.8583032488822937,
            "count": 1
        },
        "MyTestingML.Policy.ExtrinsicValueEstimate.sum": {
            "value": 42914.3046875,
            "min": 42914.3046875,
            "max": 42914.3046875,
            "count": 1
        },
        "MyTestingML.Environment.CumulativeReward.mean": {
            "value": 0.8848376967539351,
            "min": 0.8848376967539351,
            "max": 0.8848376967539351,
            "count": 1
        },
        "MyTestingML.Environment.CumulativeReward.sum": {
            "value": 44241.0,
            "min": 44241.0,
            "max": 44241.0,
            "count": 1
        },
        "MyTestingML.Policy.ExtrinsicReward.mean": {
            "value": 0.8848376967539351,
            "min": 0.8848376967539351,
            "max": 0.8848376967539351,
            "count": 1
        },
        "MyTestingML.Policy.ExtrinsicReward.sum": {
            "value": 44241.0,
            "min": 44241.0,
            "max": 44241.0,
            "count": 1
        },
        "MyTestingML.Losses.PolicyLoss.mean": {
            "value": 0.0895401125304084,
            "min": 0.0895401125304084,
            "max": 0.0895401125304084,
            "count": 1
        },
        "MyTestingML.Losses.PolicyLoss.sum": {
            "value": 4.297925401459604,
            "min": 4.297925401459604,
            "max": 4.297925401459604,
            "count": 1
        },
        "MyTestingML.Losses.ValueLoss.mean": {
            "value": 0.14807034571007163,
            "min": 0.14807034571007163,
            "max": 0.14807034571007163,
            "count": 1
        },
        "MyTestingML.Losses.ValueLoss.sum": {
            "value": 7.107376594083438,
            "min": 7.107376594083438,
            "max": 7.107376594083438,
            "count": 1
        },
        "MyTestingML.Policy.LearningRate.mean": {
            "value": 0.0009497750050225,
            "min": 0.0009497750050225,
            "max": 0.0009497750050225,
            "count": 1
        },
        "MyTestingML.Policy.LearningRate.sum": {
            "value": 0.04558920024108,
            "min": 0.04558920024108,
            "max": 0.04558920024108,
            "count": 1
        },
        "MyTestingML.Policy.Epsilon.mean": {
            "value": 0.19497750000000003,
            "min": 0.19497750000000003,
            "max": 0.19497750000000003,
            "count": 1
        },
        "MyTestingML.Policy.Epsilon.sum": {
            "value": 9.358920000000001,
            "min": 9.358920000000001,
            "max": 9.358920000000001,
            "count": 1
        },
        "MyTestingML.Policy.Beta.mean": {
            "value": 0.00949825225,
            "min": 0.00949825225,
            "max": 0.00949825225,
            "count": 1
        },
        "MyTestingML.Policy.Beta.sum": {
            "value": 0.45591610800000004,
            "min": 0.45591610800000004,
            "max": 0.45591610800000004,
            "count": 1
        },
        "MyTestingML.IsTraining.mean": {
            "value": 1.0,
            "min": 1.0,
            "max": 1.0,
            "count": 1
        },
        "MyTestingML.IsTraining.sum": {
            "value": 1.0,
            "min": 1.0,
            "max": 1.0,
            "count": 1
        }
    },
    "metadata": {
        "timer_format_version": "0.1.0",
        "start_time_seconds": "1697692144",
        "python_version": "3.9.13 (tags/v3.9.13:6de2ca5, May 17 2022, 16:36:42) [MSC v.1929 64 bit (AMD64)]",
        "command_line_arguments": "C:\\Users\\Yaroslav\\Documents\\Unity Projects\\Race (URP)\\venv\\Scripts\\mlagents-learn config/SmallNetwork.yaml --run-id=TestSmallNetwork",
        "mlagents_version": "0.30.0",
        "mlagents_envs_version": "0.30.0",
        "communication_protocol_version": "1.5.0",
        "pytorch_version": "2.1.0+cu118",
        "numpy_version": "1.21.2",
        "end_time_seconds": "1697693407"
    },
    "total": 1262.7419941,
    "count": 1,
    "self": 0.004077600000073289,
    "children": {
        "run_training.setup": {
            "total": 0.07353830000000006,
            "count": 1,
            "self": 0.07353830000000006
        },
        "TrainerController.start_learning": {
            "total": 1262.6643781999999,
            "count": 1,
            "self": 2.1749461999918367,
            "children": {
                "TrainerController._reset_env": {
                    "total": 48.3737951,
                    "count": 1,
                    "self": 48.3737951
                },
                "TrainerController.advance": {
                    "total": 1212.021952200008,
                    "count": 170151,
                    "self": 1.8002473999874837,
                    "children": {
                        "env_step": {
                            "total": 963.828635900017,
                            "count": 170151,
                            "self": 744.1238973000952,
                            "children": {
                                "SubprocessEnvManager._take_step": {
                                    "total": 218.36904179995423,
                                    "count": 170151,
                                    "self": 3.3266140999468803,
                                    "children": {
                                        "TorchPolicy.evaluate": {
                                            "total": 215.04242770000735,
                                            "count": 85076,
                                            "self": 215.04242770000735
                                        }
                                    }
                                },
                                "workers": {
                                    "total": 1.3356967999676073,
                                    "count": 170150,
                                    "self": 0.0,
                                    "children": {
                                        "worker_root": {
                                            "total": 1205.2806015000028,
                                            "count": 170150,
                                            "is_parallel": true,
                                            "self": 555.8561807999818,
                                            "children": {
                                                "steps_from_proto": {
                                                    "total": 0.0003284000000007836,
                                                    "count": 1,
                                                    "is_parallel": true,
                                                    "self": 0.0001773999999983289,