{
    "name": "root",
    "gauges": {
        "BotControllerAgent.Policy.Entropy.mean": {
            "value": 2.134828567504883,
            "min": 2.0600662231445312,
            "max": 2.181669235229492,
            "count": 13
        },
        "BotControllerAgent.Policy.Entropy.sum": {
            "value": 102471.765625,
            "min": 101355.2578125,
            "max": 131580.828125,
            "count": 13
        },
        "BotControllerAgent.Step.mean": {
            "value": 649952.0,
            "min": 49565.0,
            "max": 649952.0,
            "count": 13
        },
        "BotControllerAgent.Step.sum": {
            "value": 649952.0,
            "min": 49565.0,
            "max": 649952.0,
            "count": 13
        },
        "BotControllerAgent.Policy.ExtrinsicValueEstimate.mean": {
            "value": -0.13428884744644165,
            "min": -0.174854576587677,
            "max": -0.06376954168081284,
            "count": 13
        },
        "BotControllerAgent.Policy.ExtrinsicValueEstimate.sum": {
            "value": -9.66879653930664,
            "min": -12.23982048034668,
            "max": -4.846485137939453,
            "count": 13
        },
        "BotControllerAgent.Losses.PolicyLoss.mean": {
            "value": 0.02186406404711306,
            "min": 0.021236606046246987,
            "max": 0.026985026608842118,
            "count": 13
        },
        "BotControllerAgent.Losses.PolicyLoss.sum": {
            "value": 0.10932032023556529,
            "min": 0.06842764359322628,
            "max": 0.13492513304421058,
            "count": 13
        },
        "BotControllerAgent.Losses.ValueLoss.mean": {
            "value": 0.004268706991764097,
            "min": 0.004268706991764097,
            "max": 0.00854755823320662,
            "count": 13
        },
        "BotControllerAgent.Losses.ValueLoss.sum": {
            "value": 0.021343534958820482,
            "min": 0.017187742842361332,
            "max": 0.025642674699619856,
            "count": 13
        },
        "BotControllerAgent.Policy.LearningRate.mean": {
            "value": 0.0002996241490852837,
            "min": 0.0002996241490852837,
            "max": 0.0002999779632073454,
            "count": 13
        },
        "BotControllerAgent.Policy.LearningRate.sum": {
            "value": 0.0014981207454264184,
            "min": 0.0008999338896220363,
            "max": 0.0014996266141244618,
            "count": 13
        },
        "BotControllerAgent.Policy.Epsilon.mean": {
            "value": 0.19987471632,
            "min": 0.19987471632,
            "max": 0.1999926544,
            "count": 13
        },
        "BotControllerAgent.Policy.Epsilon.sum": {
            "value": 0.9993735816,
            "min": 0.5999779632,
            "max": 0.9998755380000004,
            "count": 13
        },
        "BotControllerAgent.Policy.Beta.mean": {
            "value": 0.004993748344368,
            "min": 0.004993748344368,
            "max": 0.004999633454559999,
            "count": 13
        },
        "BotControllerAgent.Policy.Beta.sum": {
            "value": 0.02496874172184,
            "min": 0.014998900363679997,
            "max": 0.0249937893462,
            "count": 13
        },
        "BotControllerAgent.Environment.EpisodeLength.mean": {
            "value": 1280.2682926829268,
            "min": 1199.7179487179487,
            "max": 1403.5526315789473,
            "count": 13
        },
        "BotControllerAgent.Environment.EpisodeLength.sum": {
            "value": 52491.0,
            "min": 42581.0,
            "max": 57416.0,
            "count": 13
        },
        "BotControllerAgent.Environment.CumulativeReward.mean": {
            "value": -2.2608164563065483,
            "min": -2.38772541590226,
            "max": -2.1866643875837326,
            "count": 13
        },
        "BotControllerAgent.Environment.CumulativeReward.sum": {
            "value": -94.95429116487503,
            "min": -101.88129115104675,
            "max": -75.24171847105026,
            "count": 13
        },
        "BotControllerAgent.Policy.ExtrinsicReward.mean": {
            "value": -2.2608164563065483,
            "min": -2.38772541590226,
            "max": -2.1866643875837326,
            "count": 13
        },
        "BotControllerAgent.Policy.ExtrinsicReward.sum": {
            "value": -94.95429116487503,
            "min": -101.88129115104675,
            "max": -75.24171847105026,
            "count": 13
        },
        "BotControllerAgent.IsTraining.mean": {
            "value": 1.0,
            "min": 1.0,
            "max": 1.0,
            "count": 13
        },
        "BotControllerAgent.IsTraining.sum": {
            "value": 1.0,
            "min": 1.0,
            "max": 1.0,
            "count": 13
        }
    },
    "metadata": {
        "timer_format_version": "0.1.0",
        "start_time_seconds": "1697898909",
        "python_version": "3.9.13 (tags/v3.9.13:6de2ca5, May 17 2022, 16:36:42) [MSC v.1929 64 bit (AMD64)]",
        "command_line_arguments": "C:\\Users\\Yaroslav\\Documents\\Unity Projects\\Race (URP)\\venv\\Scripts\\mlagents-learn config/BotControllerAgent.yaml --run-id=BotControllerModel --force",
        "mlagents_version": "0.30.0",
        "mlagents_envs_version": "0.30.0",
        "communication_protocol_version": "1.5.0",
        "pytorch_version": "2.1.0+cu118",
        "numpy_version": "1.21.2",
        "end_time_seconds": "1697899588"
    },
    "total": 678.2254911,
    "count": 1,
    "self": 0.008140900000057627,
    "children": {
        "run_training.setup": {
            "total": 0.10388399999999987,
            "count": 1,
            "self": 0.10388399999999987
        },
        "TrainerController.start_learning": {
            "total": 678.1134662,
            "count": 1,
            "self": 0.4895142999962445,
            "children": {
                "TrainerController._reset_env": {
                    "total": 9.5740692,
                    "count": 1,
                    "self": 9.5740692
                },
                "TrainerController.advance": {
                    "total": 667.9281310000038,
                    "count": 29304,
                    "self": 0.5147972000150958,
                    "children": {
                        "env_step": {
                            "total": 498.0809648999908,
                            "count": 29304,
                            "self": 354.4117412999858,
                            "children": {
                                "SubprocessEnvManager._take_step": {
                                    "total": 143.35029200000213,
                                    "count": 29304,
                                    "self": 1.512772000011637,
                                    "children": {
                                        "TorchPolicy.evaluate": {
                                            "total": 141.8375199999905,
                                            "count": 28881,
                                            "self": 141.8375199999905
                                        }
                                    }
                                },
                                "workers": {
                                    "total": 0.3189316000029194,
                                    "count": 29303,
                                    "self": 0.0,
                                    "children": {
                                        "worker_root": {
                                            "total": 606.0693106999933,
                                            "count": 29303,
                                            "is_parallel": true,
                                            "self": 355.54505959999716,