{"count":1,"self":361.8180096,"total":2207.2104166,"children":{"InitializeActuators":{"count":51,"self":0.0005029,"total":0.0005029,"children":null},"InitializeSensors":{"count":51,"self":0.0025131999999999997,"total":0.0025131999999999997,"children":null},"AgentSendState":{"count":273884,"self":84.987743999999992,"total":123.7422994,"children":{"CollectObservations":{"count":2793627,"self":3.5520068,"total":3.5520066999999997,"children":null},"WriteActionMask":{"count":2793627,"self":0.5801539,"total":0.5801539,"children":null},"RequestDecision":{"count":2793627,"self":3.6270971999999997,"total":34.622393699999996,"children":{"AgentInfo.ToProto":{"count":2793627,"self":2.9141239999999997,"total":30.9952966,"children":{"GenerateSensorData":{"count":2793627,"self":26.277943999999998,"total":28.0811727,"children":{"RayPerceptionSensor.Perceive":{"count":2793627,"self":1.8032287999999999,"total":1.8032287999999999,"children":null}}}}}}}}},"DecideAction":{"count":273884,"self":1713.7257472,"total":1713.7257281,"children":null},"AgentAct":{"count":273884,"self":7.6920616,"total":7.6920616,"children":null},"AgentInfo.ToProto":{"count":10961,"self":0.0327694,"total":0.22780709999999998,"children":{"GenerateSensorData":{"count":10961,"self":0.1772088,"total":0.19503769999999998,"children":{"RayPerceptionSensor.Perceive":{"count":10961,"self":0.017828899999999998,"total":0.017828899999999998,"children":null}}}}}},"gauges":{"BotControllerAgent.CumulativeReward":{"count":10961,"max":0.352460146,"min":-3.256903,"runningAverage":-0.205204174,"value":0.0457792431,"weightedAverage":-0.289863139}},"metadata":{"timer_format_version":"0.1.0","start_time_seconds":"1698380348","unity_version":"2022.3.11f1","command_line_arguments":"C:\\Program Files\\Unity\\Hub\\Editor\\2022.3.11f1\\Editor\\Unity.exe -projectpath C:\\Users\\Yaroslav\\Documents\\Unity Projects\\Race (URP) -useHub -hubIPC -cloudEnvironment production -licensingIpc LicenseClient-Yaroslav -hubSessionId 248bb55a-d834-4a27-bcc7-6ce7ab328a28 -accessToken J46waSvxQ91hSpbbInyiTZYqUYT0bh_Gh37WBfeejjE011f","communication_protocol_version":"1.5.0","com.unity.ml-agents_version":"2.0.1","scene_name":"Machine learning","end_time_seconds":"1698382555"}}