{"count":1,"self":6264.471552,"total":33350.9225056,"children":{"InitializeActuators":{"count":25,"self":0.0015038,"total":0.0015038,"children":null},"InitializeSensors":{"count":25,"self":0.0026623,"total":0.0026623,"children":null},"AgentSendState":{"count":7321934,"self":1026.4068095999999,"total":1598.9952865999999,"children":{"CollectObservations":{"count":36609675,"self":46.2276416,"total":46.227641,"children":null},"WriteActionMask":{"count":36609675,"self":7.7599519999999993,"total":7.7599516,"children":null},"RequestDecision":{"count":36609675,"self":53.7587712,"total":518.6008693,"children":{"AgentInfo.ToProto":{"count":36609675,"self":46.187366399999995,"total":464.8420969,"children":{"GenerateSensorData":{"count":36609675,"self":392.70256639999997,"total":418.6547303,"children":{"RayPerceptionSensor.Perceive":{"count":36609675,"self":25.952151999999998,"total":25.9521516,"children":null}}}}}}}}},"DecideAction":{"count":7321934,"self":25389.1559424,"total":25389.1562892,"children":null},"AgentAct":{"count":7321934,"self":90.253376,"total":90.25337669999999,"children":null},"AgentInfo.ToProto":{"count":245041,"self":1.4314733,"total":8.0417277,"children":{"GenerateSensorData":{"count":245041,"self":5.9351395999999994,"total":6.6102544,"children":{"RayPerceptionSensor.Perceive":{"count":245041,"self":0.6751149,"total":0.6751149,"children":null}}}}}},"gauges":{"BotControllerAgent.CumulativeReward":{"count":245041,"max":4.9989,"min":-108.513962,"runningAverage":-1.37760413,"value":-1.0151,"weightedAverage":-1.02835321}},"metadata":{"timer_format_version":"0.1.0","start_time_seconds":"1698080892","unity_version":"2022.3.11f1","command_line_arguments":"C:\\Program Files\\Unity\\Hub\\Editor\\2022.3.11f1\\Editor\\Unity.exe -projectpath C:\\Users\\Yaroslav\\Documents\\Unity Projects\\Race (URP) -useHub -hubIPC -cloudEnvironment production -licensingIpc LicenseClient-Yaroslav -hubSessionId 71a9a779-eaa3-401f-a292-6518112f7ca7 -accessToken _a6Js-09CrBkHkjo0dAIUg-NNERUaYLBT61Hnf0VzYU011f","communication_protocol_version":"1.5.0","com.unity.ml-agents_version":"2.0.1","scene_name":"Machine learning","end_time_seconds":"1698114243"}}