{
    "name": "root",
    "metadata": {
        "timer_format_version": "0.1.0",
        "start_time_seconds": "1698080886",
        "python_version": "3.9.13 (tags/v3.9.13:6de2ca5, May 17 2022, 16:36:42) [MSC v.1929 64 bit (AMD64)]",
        "command_line_arguments": "C:\\Users\\Yaroslav\\Documents\\Unity Projects\\Race (URP)\\venv\\Scripts\\mlagents-learn config/CarAI.yaml --resume",
        "mlagents_version": "0.30.0",
        "mlagents_envs_version": "0.30.0",
        "communication_protocol_version": "1.5.0",
        "pytorch_version": "2.1.0+cu118",
        "numpy_version": "1.21.2",
        "end_time_seconds": "1698114308"
    },
    "total": 33421.5258695,
    "count": 1,
    "self": 0.006967300003452692,
    "children": {
        "run_training.setup": {
            "total": 0.09953779999999979,
            "count": 1,
            "self": 0.09953779999999979
        },
        "TrainerController.start_learning": {
            "total": 33421.4193644,
            "count": 1,
            "self": 38.077425200041034,
            "children": {
                "TrainerController._reset_env": {
                    "total": 9.1964015,
                    "count": 1,
                    "self": 7.707828299999999,
                    "children": {
                        "demo_to_buffer": {
                            "total": 1.4885732000000012,
                            "count": 1,
                            "self": 8.470000000038169e-05,
                            "children": {
                                "load_demonstration": {
                                    "total": 0.02811950000000074,
                                    "count": 1,
                                    "self": 0.023602900000000204,
                                    "children": {
                                        "read_file": {
                                            "total": 0.004516600000000537,
                                            "count": 1,
                                            "self": 0.004516600000000537
                                        }
                                    }
                                },
                                "make_demo_buffer": {
                                    "total": 1.460369,
                                    "count": 1,
                                    "self": 0.21612510000005614,
                                    "children": {
                                        "steps_from_proto": {
                                            "total": 1.244243899999944,
                                            "count": 9998,
                                            "self": 0.6913895000000743,
                                            "children": {
                                                "_process_rank_one_or_two_observation": {
                                                    "total": 0.5528543999998696,
                                                    "count": 39992,
                                                    "self": 0.5528543999998696
                                                }
                                            }
                                        }
                                    }
                                }
                            }
                        }
                    }
                },
                "TrainerController.advance": {
                    "total": 33374.07555249996,
                    "count": 1654764,
                    "self": 16.748303100401245,
                    "children": {
                        "env_step": {
                            "total": 33357.32724939956,
                            "count": 1654764,
                            "self": 21329.900118802572,
                            "children": {
                                "SubprocessEnvManager._take_step": {
                                    "total": 12005.493144397653,
                                    "count": 1654764,
                                    "self": 94.10588999898937,
                                    "children": {
                                        "TorchPolicy.evaluate": {
                                            "total": 11911.387254398664,
                                            "count": 1464387,
                                            "self": 11911.387254398664
                                        }
                                    }
                                },
                                "workers": {
                                    "total": 21.93398619933712,
                                    "count": 1654763,
                                    "self": 0.0,
                                    "children": {
                                        "worker_root": {
                                            "total": 33306.154233601985,
                                            "count": 1654763,
                                            "is_parallel": true,
                                            "self": 19882.039686301217,
                                            "children": {
                                                "steps_from_proto": {
                                                    "total": 0.0007571000000003991,
                                                    "count": 1,
                                                    "is_parallel": true,
                                                    "self": 0.0001896000000005671,
                                                    "children": {
                                                        "_process_rank_one_or_two_observation": {
                                                            "total": 0.000567499999999832,
                                                            "count": 4,
                                                            "is_parallel": true,
                                                            "self": 0.000567499999999832
                                                        }
                                                    }
                                                },
                                                "UnityEnvironment.step": {
                                                    "total": 13424.113790200767,
                                                    "count": 1654763,
                                                    "is_parallel": true,
                                                    "self": 502.17197039733946,
                                                    "children": {
                                                        "UnityEnvironment._generate_step_input": {
                                                            "total": 635.6858200012075,
                                                            "count": 1654763,
                                                            "is_parallel": true,
                                                            "self": 635.6858200012075
                                                        },
                                                        "communicator.exchange": {
                                                            "total": 11014.034446401523,
                                                            "count": 1654763,
                                                            "is_parallel": true,
                                                            "self": 11014.034446401523
                                                        },
                                                        "steps_from_proto": {
                                                            "total": 1272.2215534006955,
                                                            "count": 1654763,
                                                            "is_parallel": true,