{
    "name": "root",
    "gauges": {
        "SumOfNumbers.Policy.Entropy.mean": {
            "value": 0.06333445012569427,
            "min": 0.06333445012569427,
            "max": 2.277726650238037,
            "count": 10
        },
        "SumOfNumbers.Policy.Entropy.sum": {
            "value": 3166.722412109375,
            "min": 3166.722412109375,
            "max": 113886.328125,
            "count": 10
        },
        "SumOfNumbers.Environment.EpisodeLength.mean": {
            "value": 0.0,
            "min": 0.0,
            "max": 0.0,
            "count": 10
        },
        "SumOfNumbers.Environment.EpisodeLength.sum": {
            "value": 0.0,
            "min": 0.0,
            "max": 0.0,
            "count": 10
        },
        "SumOfNumbers.Step.mean": {
            "value": 499999.0,
            "min": 49999.0,
            "max": 499999.0,
            "count": 10
        },
        "SumOfNumbers.Step.sum": {
            "value": 499999.0,
            "min": 49999.0,
            "max": 499999.0,
            "count": 10
        },
        "SumOfNumbers.Policy.ExtrinsicValueEstimate.mean": {
            "value": 0.9412931799888611,
            "min": -0.3411535322666168,
            "max": 0.9412931799888611,
            "count": 10
        },
        "SumOfNumbers.Policy.ExtrinsicValueEstimate.sum": {
            "value": 47064.66015625,
            "min": -17057.3359375,
            "max": 47064.66015625,
            "count": 10
        },
        "SumOfNumbers.Environment.CumulativeReward.mean": {
            "value": 0.9420120007276535,
            "min": -0.6353607070348499,
            "max": 0.9420120007276535,
            "count": 10
        },
        "SumOfNumbers.Environment.CumulativeReward.sum": {
            "value": 47100.600036382675,
            "min": -31767.39999103546,
            "max": 47100.600036382675,
            "count": 10
        },
        "SumOfNumbers.Policy.ExtrinsicReward.mean": {
            "value": 0.9420120007276535,
            "min": -0.6353607070348499,
            "max": 0.9420120007276535,
            "count": 10
        },
        "SumOfNumbers.Policy.ExtrinsicReward.sum": {
            "value": 47100.600036382675,
            "min": -31767.39999103546,
            "max": 47100.600036382675,
            "count": 10
        },
        "SumOfNumbers.Losses.PolicyLoss.mean": {
            "value": 0.02318064206279814,
            "min": 0.02300591427949257,
            "max": 0.07805645701941102,
            "count": 10
        },
        "SumOfNumbers.Losses.PolicyLoss.sum": {
            "value": 0.1159032103139907,
            "min": 0.099390430143103,
            "max": 0.3902822850970551,
            "count": 10
        },
        "SumOfNumbers.Losses.ValueLoss.mean": {
            "value": 0.09429264942184092,
            "min": 0.09429264942184092,
            "max": 1.057548979818821,
            "count": 10
        },
        "SumOfNumbers.Losses.ValueLoss.sum": {
            "value": 0.47146324710920456,
            "min": 0.47146324710920456,
            "max": 5.287744899094104,
            "count": 10
        },
        "SumOfNumbers.Policy.LearningRate.mean": {
            "value": 0.00016272009457599999,
            "min": 0.00016272009457599999,
            "max": 0.00284580000514,
            "count": 10
        },
        "SumOfNumbers.Policy.LearningRate.sum": {
            "value": 0.00081360047288,
            "min": 0.00081360047288,
            "max": 0.012841200071960001,
            "count": 10
        },
        "SumOfNumbers.Policy.Epsilon.mean": {
            "value": 0.105424,
            "min": 0.105424,
            "max": 0.19485999999999998,
            "count": 10
        },
        "SumOfNumbers.Policy.Epsilon.sum": {
            "value": 0.52712,
            "min": 0.49982400000000005,
            "max": 0.92804,
            "count": 10
        },
        "SumOfNumbers.Policy.Beta.mean": {
            "value": 0.0005518576,
            "min": 0.0005518576,
            "max": 0.009486514000000001,
            "count": 10
        },
        "SumOfNumbers.Policy.Beta.sum": {
            "value": 0.002759288,
            "min": 0.002759288,
            "max": 0.042811195999999996,
            "count": 10
        },
        "SumOfNumbers.IsTraining.mean": {
            "value": 1.0,
            "min": 1.0,
            "max": 1.0,
            "count": 10
        },
        "SumOfNumbers.IsTraining.sum": {
            "value": 1.0,
            "min": 1.0,
            "max": 1.0,
            "count": 10
        }
    },
    "metadata": {
        "timer_format_version": "0.1.0",
        "start_time_seconds": "1697776942",
        "python_version": "3.9.13 (tags/v3.9.13:6de2ca5, May 17 2022, 16:36:42) [MSC v.1929 64 bit (AMD64)]",
        "command_line_arguments": "C:\\Users\\Yaroslav\\Documents\\Unity Projects\\Race (URP)\\venv\\Scripts\\mlagents-learn config/SumOfNumbers.yaml --run-id=SumOfNumbers --force",
        "mlagents_version": "0.30.0",
        "mlagents_envs_version": "0.30.0",
        "communication_protocol_version": "1.5.0",
        "pytorch_version": "2.1.0+cu118",
        "numpy_version": "1.21.2",
        "end_time_seconds": "1697777899"
    },
    "total": 957.3970185999999,
    "count": 1,
    "self": 0.008738599999901453,
    "children": {
        "run_training.setup": {
            "total": 0.10369439999999974,
            "count": 1,
            "self": 0.10369439999999974
        },
        "TrainerController.start_learning": {
            "total": 957.2845856,
            "count": 1,
            "self": 0.26727939999796035,
            "children": {
                "TrainerController._reset_env": {
                    "total": 14.0812065,
                    "count": 1,
                    "self": 14.0812065
                },
                "TrainerController.advance": {
                    "total": 942.897583200002,
                    "count": 12501,
                    "self": 0.22143260000916598,
                    "children": {
                        "env_step": {
                            "total": 112.56837309999572,
                            "count": 12501,
                            "self": 85.94376769998587,
                            "children": {
                                "SubprocessEnvManager._take_step": {
                                    "total": 26.49513829999909,
                                    "count": 12501,
                                    "self": 0.6835964000005532,
                                    "children": {
                                        "TorchPolicy.evaluate": {
                                            "total": 25.811541899998538,
                                            "count": 12501,
                                            "self": 25.811541899998538
                                        }
                                    }
                                },
                                "workers": {
                                    "total": 0.12946710001077122,
                                    "count": 12501,
                                    "self": 0.0,
                                    "children": {
                                        "worker_root": {
                                            "total": 944.241374799996,
                                            "count": 12501,
                                            "is_parallel": true,
                                            "self": 888.6204920999987,
                                            "children": {
                                                "steps_from_proto": {
                                                    "total": 0.0008527000000011498,
                                                    "count": 1,
                                                    "is_parallel": true,