{
    "name": "root",
    "gauges": {
        "BotControllerAgent.Policy.Entropy.mean": {
            "value": 0.23983968794345856,
            "min": 0.23979392647743225,
            "max": 1.3317118883132935,
            "count": 85
        },
        "BotControllerAgent.Policy.Entropy.sum": {
            "value": 23955.66796875,
            "min": 23955.66796875,
            "max": 134376.390625,
            "count": 85
        },
        "BotControllerAgent.Environment.EpisodeLength.mean": {
            "value": 34.62936564504633,
            "min": 34.24424778761062,
            "max": 81.72887029288702,
            "count": 85
        },
        "BotControllerAgent.Environment.EpisodeLength.sum": {
            "value": 97170.0,
            "min": 96740.0,
            "max": 99202.0,
            "count": 85
        },
        "BotControllerAgent.Step.mean": {
            "value": 8499981.0,
            "min": 99949.0,
            "max": 8499981.0,
            "count": 85
        },
        "BotControllerAgent.Step.sum": {
            "value": 8499981.0,
            "min": 99949.0,
            "max": 8499981.0,
            "count": 85
        },
        "BotControllerAgent.Policy.ExtrinsicValueEstimate.mean": {
            "value": 0.23192641139030457,
            "min": -2.0047049522399902,
            "max": 0.23227131366729736,
            "count": 85
        },
        "BotControllerAgent.Policy.ExtrinsicValueEstimate.sum": {
            "value": 739.1494750976562,
            "min": -4731.103515625,
            "max": 747.216796875,
            "count": 85
        },
        "BotControllerAgent.Environment.CumulativeReward.mean": {
            "value": 0.25777701501600847,
            "min": -3.241372221278097,
            "max": 0.25777701501600847,
            "count": 85
        },
        "BotControllerAgent.Environment.CumulativeReward.sum": {
            "value": 723.5800811499357,
            "min": -4199.059769593179,
            "max": 723.5800811499357,
            "count": 85
        },
        "BotControllerAgent.Policy.ExtrinsicReward.mean": {
            "value": 0.25777701501600847,
            "min": -3.241372221278097,
            "max": 0.25777701501600847,
            "count": 85
        },
        "BotControllerAgent.Policy.ExtrinsicReward.sum": {
            "value": 723.5800811499357,
            "min": -4199.059769593179,
            "max": 723.5800811499357,
            "count": 85
        },
        "BotControllerAgent.Losses.PolicyLoss.mean": {
            "value": 0.04944255049599128,
            "min": 0.0465427538108391,
            "max": 0.052817801077617334,
            "count": 85
        },
        "BotControllerAgent.Losses.PolicyLoss.sum": {
            "value": 0.4449829544639215,
            "min": 0.41888478429755194,
            "max": 0.5281780107761733,
            "count": 85
        },
        "BotControllerAgent.Losses.ValueLoss.mean": {
            "value": 0.40384987225687063,
            "min": 0.40384987225687063,
            "max": 1.2115950031081835,
            "count": 85
        },
        "BotControllerAgent.Losses.ValueLoss.sum": {
            "value": 3.6346488503118355,
            "min": 3.6346488503118355,
            "max": 12.115950031081836,
            "count": 85
        },
        "BotControllerAgent.Policy.LearningRate.mean": {
            "value": 0.0002949303835565393,
            "min": 0.0002949303835565393,
            "max": 0.00029996887214370926,
            "count": 85
        },
        "BotControllerAgent.Policy.LearningRate.sum": {
            "value": 0.0026543734520088538,
            "min": 0.0026543734520088538,
            "max": 0.002999102981699006,
            "count": 85
        },
        "BotControllerAgent.Policy.Epsilon.mean": {
            "value": 0.19831012728888886,
            "min": 0.19831012728888886,
            "max": 0.19998962404444443,
            "count": 85
        },
        "BotControllerAgent.Policy.Epsilon.sum": {
            "value": 1.7847911455999999,
            "min": 1.7847911455999999,
            "max": 1.9997009938,
            "count": 85
        },
        "BotControllerAgent.Policy.Beta.mean": {
            "value": 0.004915675351715556,
            "min": 0.004915675351715556,
            "max": 0.004999482239817778,
            "count": 85
        },
        "BotControllerAgent.Policy.Beta.sum": {
            "value": 0.044241078165440005,
            "min": 0.044241078165440005,
            "max": 0.04998507959062,
            "count": 85
        },
        "BotControllerAgent.Losses.PretrainingLoss.mean": {
            "value": 0.15903448531166517,
            "min": 0.15897808657200246,
            "max": 0.3944680844069508,
            "count": 85
        },
        "BotControllerAgent.Losses.PretrainingLoss.sum": {
            "value": 1.4313103678049865,
            "min": 1.4313103678049865,
            "max": 3.5502127596625574,
            "count": 85
        },
        "BotControllerAgent.IsTraining.mean": {
            "value": 1.0,
            "min": 1.0,
            "max": 1.0,
            "count": 85
        },
        "BotControllerAgent.IsTraining.sum": {
            "value": 1.0,
            "min": 1.0,
            "max": 1.0,
            "count": 85
        }
    },
    "metadata": {
        "timer_format_version": "0.1.0",
        "start_time_seconds": "1698212364",
        "python_version": "3.9.13 (tags/v3.9.13:6de2ca5, May 17 2022, 16:36:42) [MSC v.1929 64 bit (AMD64)]",
        "command_line_arguments": "C:\\Users\\Yaroslav\\Documents\\Unity Projects\\Race (URP)\\venv\\Scripts\\mlagents-learn config/BotAgent.yaml --force",
        "mlagents_version": "0.30.0",
        "mlagents_envs_version": "0.30.0",
        "communication_protocol_version": "1.5.0",
        "pytorch_version": "2.1.0+cu118",
        "numpy_version": "1.21.2",
        "end_time_seconds": "1698220353"
    },
    "total": 7989.024496399999,
    "count": 1,
    "self": 0.0057538999999451335,
    "children": {
        "run_training.setup": {
            "total": 0.1039021,
            "count": 1,
            "self": 0.1039021
        },
        "TrainerController.start_learning": {
            "total": 7988.9148404,
            "count": 1,
            "self": 8.0612768998526,
            "children": {
                "TrainerController._reset_env": {
                    "total": 8.478367800000001,
                    "count": 1,
                    "self": 7.7054781000000006,
                    "children": {
                        "demo_to_buffer": {
                            "total": 0.7728897000000003,
                            "count": 1,
                            "self": 4.8300000003109744e-05,
                            "children": {
                                "load_demonstration": {
                                    "total": 0.013683899999998417,
                                    "count": 1,
                                    "self": 0.010918199999997213,
                                    "children": {
                                        "read_file": {
                                            "total": 0.0027657000000012033,
                                            "count": 1,
                                            "self": 0.0027657000000012033
                                        }
                                    }
                                },
                                "make_demo_buffer": {
                                    "total": 0.7591574999999988,
                                    "count": 1,
                                    "self": 0.10333690000001106,
                                    "children": {
                                        "steps_from_proto": {
                                            "total": 0.6558205999999878,
                                            "count": 4644,