{
    "name": "root",
    "gauges": {
        "BotControllerAgent.Policy.Entropy.mean": {
            "value": 0.1636222004890442,
            "min": 0.15896092355251312,
            "max": 0.1888829618692398,
            "count": 28
        },
        "BotControllerAgent.Policy.Entropy.sum": {
            "value": 16347.330078125,
            "min": 10085.783203125,
            "max": 18703.380859375,
            "count": 28
        },
        "BotControllerAgent.Step.mean": {
            "value": 66499973.0,
            "min": 63799953.0,
            "max": 66499973.0,
            "count": 28
        },
        "BotControllerAgent.Step.sum": {
            "value": 66499973.0,
            "min": 63799953.0,
            "max": 66499973.0,
            "count": 28
        },
        "BotControllerAgent.Policy.ExtrinsicValueEstimate.mean": {
            "value": -0.0530938096344471,
            "min": -0.6109097003936768,
            "max": -0.04469634220004082,
            "count": 28
        },
        "BotControllerAgent.Policy.ExtrinsicValueEstimate.sum": {
            "value": -94.82554626464844,
            "min": -783.0975341796875,
            "max": -78.84434509277344,
            "count": 28
        },
        "BotControllerAgent.Environment.EpisodeLength.mean": {
            "value": 247.71571072319202,
            "min": 241.50611246943765,
            "max": 270.74525745257455,
            "count": 28
        },
        "BotControllerAgent.Environment.EpisodeLength.sum": {
            "value": 99334.0,
            "min": 45076.0,
            "max": 100687.0,
            "count": 28
        },
        "BotControllerAgent.Environment.CumulativeReward.mean": {
            "value": -0.19643274768396055,
            "min": -0.2672794890553687,
            "max": -0.13838158610654772,
            "count": 28
        },
        "BotControllerAgent.Environment.CumulativeReward.sum": {
            "value": -78.76953182126817,
            "min": -106.64451613309211,
            "max": -36.47161768325168,
            "count": 28
        },
        "BotControllerAgent.Policy.ExtrinsicReward.mean": {
            "value": -0.19643274768396055,
            "min": -0.2672794890553687,
            "max": -0.13838158610654772,
            "count": 28
        },
        "BotControllerAgent.Policy.ExtrinsicReward.sum": {
            "value": -78.76953182126817,
            "min": -106.64451613309211,
            "max": -36.47161768325168,
            "count": 28
        },
        "BotControllerAgent.Losses.PolicyLoss.mean": {
            "value": 0.048944107694680695,
            "min": 0.04716030573213679,
            "max": 0.05225867954238007,
            "count": 28
        },
        "BotControllerAgent.Losses.PolicyLoss.sum": {
            "value": 0.1468323230840421,
            "min": 0.05152717655000742,
            "max": 0.1567760386271402,
            "count": 28
        },
        "BotControllerAgent.Losses.ValueLoss.mean": {
            "value": 0.0021888069048953992,
            "min": 0.0016966595498161042,
            "max": 0.09002893270614247,
            "count": 28
        },
        "BotControllerAgent.Losses.ValueLoss.sum": {
            "value": 0.006566420714686197,
            "min": 0.0033933190996322084,
            "max": 0.09002893270614247,
            "count": 28
        },
        "BotControllerAgent.Policy.LearningRate.mean": {
            "value": 0.00026012711949096457,
            "min": 0.00026012711949096457,
            "max": 0.0002617265443578229,
            "count": 28
        },
        "BotControllerAgent.Policy.LearningRate.sum": {
            "value": 0.0007803813584728938,
            "min": 0.0002617265443578229,
            "max": 0.0007848844667718573,
            "count": 28
        },
        "BotControllerAgent.Policy.Epsilon.mean": {
            "value": 0.18670903539999997,
            "min": 0.18670903539999997,
            "max": 0.18724217719999997,
            "count": 28
        },
        "BotControllerAgent.Policy.Epsilon.sum": {
            "value": 0.5601271062,
            "min": 0.18724217719999997,
            "max": 0.5616281428000001,
            "count": 28
        },
        "BotControllerAgent.Policy.Beta.mean": {
            "value": 0.004336780866460002,
            "min": 0.004336780866460002,
            "max": 0.00436338464228,
            "count": 28
        },
        "BotControllerAgent.Policy.Beta.sum": {
            "value": 0.013010342599380005,
            "min": 0.00436338464228,
            "max": 0.013085244325719999,
            "count": 28
        },
        "BotControllerAgent.Losses.PretrainingLoss.mean": {
            "value": 0.15921896283859027,
            "min": 0.14232663962305808,
            "max": 0.17078187478845622,
            "count": 28
        },
        "BotControllerAgent.Losses.PretrainingLoss.sum": {
            "value": 0.4776568885157708,
            "min": 0.14232663962305808,
            "max": 0.4776568885157708,
            "count": 28
        },
        "BotControllerAgent.IsTraining.mean": {
            "value": 1.0,
            "min": 1.0,
            "max": 1.0,
            "count": 28
        },
        "BotControllerAgent.IsTraining.sum": {
            "value": 1.0,
            "min": 1.0,
            "max": 1.0,
            "count": 28
        }
    },
    "metadata": {
        "timer_format_version": "0.1.0",
        "start_time_seconds": "1698380342",
        "python_version": "3.9.13 (tags/v3.9.13:6de2ca5, May 17 2022, 16:36:42) [MSC v.1929 64 bit (AMD64)]",
        "command_line_arguments": "C:\\Users\\Yaroslav\\Documents\\Unity Projects\\Race (URP)\\venv\\Scripts\\mlagents-learn config/BotAgent.yaml --resume",
        "mlagents_version": "0.30.0",
        "mlagents_envs_version": "0.30.0",
        "communication_protocol_version": "1.5.0",
        "pytorch_version": "2.1.0+cu118",
        "numpy_version": "1.21.2",
        "end_time_seconds": "1698382617"
    },
    "total": 2275.3161148,
    "count": 1,
    "self": 0.006206100000326842,
    "children": {
        "run_training.setup": {
            "total": 0.08613230000000005,
            "count": 1,
            "self": 0.08613230000000005
        },
        "TrainerController.start_learning": {
            "total": 2275.2237763999997,
            "count": 1,
            "self": 1.339300099972661,
            "children": {
                "TrainerController._reset_env": {
                    "total": 11.4405234,
                    "count": 1,
                    "self": 7.7488998,
                    "children": {
                        "demo_to_buffer": {
                            "total": 3.6916236,
                            "count": 1,
                            "self": 0.00011719999999826314,
                            "children": {
                                "load_demonstration": {
                                    "total": 0.14108630000000133,
                                    "count": 1,
                                    "self": 0.13826780000000127,
                                    "children": {
                                        "read_file": {
                                            "total": 0.002818500000000057,
                                            "count": 1,
                                            "self": 0.002818500000000057
                                        }
                                    }
                                },
                                "make_demo_buffer": {
                                    "total": 3.5504201,
                                    "count": 1,
                                    "self": 0.5082791999999294,
                                    "children": {
                                        "steps_from_proto": {
                                            "total": 3.0421409000000708,
                                            "count": 25552,