{
    "name": "root",
    "gauges": {
        "BotControllerAgent.Policy.Entropy.mean": {
            "value": 1.6923784017562866,
            "min": 1.526366949081421,
            "max": 1.8586702346801758,
            "count": 678
        },
        "BotControllerAgent.Policy.Entropy.sum": {
            "value": 80624.90625,
            "min": 48491.7890625,
            "max": 100170.125,
            "count": 678
        },
        "BotControllerAgent.Step.mean": {
            "value": 44799565.0,
            "min": 10949699.0,
            "max": 44799565.0,
            "count": 678
        },
        "BotControllerAgent.Step.sum": {
            "value": 44799565.0,
            "min": 10949699.0,
            "max": 44799565.0,
            "count": 678
        },
        "BotControllerAgent.Policy.ExtrinsicValueEstimate.mean": {
            "value": -0.1779700368642807,
            "min": -0.199263796210289,
            "max": -0.160322904586792,
            "count": 678
        },
        "BotControllerAgent.Policy.ExtrinsicValueEstimate.sum": {
            "value": -12.635872840881348,
            "min": -15.141229629516602,
            "max": -1.4522520303726196,
            "count": 678
        },
        "BotControllerAgent.IsTraining.mean": {
            "value": 1.0,
            "min": 1.0,
            "max": 1.0,
            "count": 678
        },
        "BotControllerAgent.IsTraining.sum": {
            "value": 1.0,
            "min": 1.0,
            "max": 1.0,
            "count": 678
        },
        "BotControllerAgent.Losses.PolicyLoss.mean": {
            "value": 0.024733761878063282,
            "min": 0.019330406464481104,
            "max": 0.02791120595065877,
            "count": 677
        },
        "BotControllerAgent.Losses.PolicyLoss.sum": {
            "value": 0.12366880939031641,
            "min": 0.049355690841350636,
            "max": 0.13644334914473197,
            "count": 677
        },
        "BotControllerAgent.Losses.ValueLoss.mean": {
            "value": 0.003641548526162902,
            "min": 0.0021569009363399043,
            "max": 0.004725088387688933,
            "count": 677
        },
        "BotControllerAgent.Losses.ValueLoss.sum": {
            "value": 0.01820774263081451,
            "min": 0.005924805401161277,
            "max": 0.023488144180737434,
            "count": 677
        },
        "BotControllerAgent.Policy.LearningRate.mean": {
            "value": 0.0002731353863548742,
            "min": 0.0002731353863548742,
            "max": 0.00029341148079617375,
            "count": 677
        },
        "BotControllerAgent.Policy.LearningRate.sum": {
            "value": 0.001365676931774371,
            "min": 0.0005868229615923475,
            "max": 0.0014669317538227521,
            "count": 677
        },
        "BotControllerAgent.Policy.Epsilon.mean": {
            "value": 0.19104512580000002,
            "min": 0.19104512580000002,
            "max": 0.19780382619999995,
            "count": 677
        },
        "BotControllerAgent.Policy.Epsilon.sum": {
            "value": 0.9552256290000001,
            "min": 0.3956076523999999,
            "max": 0.9889772476,
            "count": 677
        },
        "BotControllerAgent.Policy.Beta.mean": {
            "value": 0.00455315177742,
            "min": 0.00455315177742,
            "max": 0.00489041092738,
            "count": 677
        },
        "BotControllerAgent.Policy.Beta.sum": {
            "value": 0.022765758887099998,
            "min": 0.00978082185476,
            "max": 0.024449964655239995,
            "count": 677
        },
        "BotControllerAgent.Environment.EpisodeLength.mean": {
            "value": 1454.2142857142858,
            "min": 1309.9032258064517,
            "max": 2294.0,
            "count": 677
        },
        "BotControllerAgent.Environment.EpisodeLength.sum": {
            "value": 40718.0,
            "min": 28104.0,
            "max": 67117.0,
            "count": 677
        },
        "BotControllerAgent.Environment.CumulativeReward.mean": {
            "value": -2.7943505410637175,
            "min": -4.137106592838581,
            "max": -2.6274149283286063,
            "count": 677
        },
        "BotControllerAgent.Environment.CumulativeReward.sum": {
            "value": -78.24181514978409,
            "min": -121.18953275680542,
            "max": -55.89447981119156,
            "count": 677
        },
        "BotControllerAgent.Policy.ExtrinsicReward.mean": {
            "value": -2.7943505410637175,
            "min": -4.137106592838581,
            "max": -2.6274149283286063,
            "count": 677
        },
        "BotControllerAgent.Policy.ExtrinsicReward.sum": {
            "value": -78.24181514978409,
            "min": -121.18953275680542,
            "max": -55.89447981119156,
            "count": 677
        }
    },
    "metadata": {
        "timer_format_version": "0.1.0",
        "start_time_seconds": "1697912181",
        "python_version": "3.9.13 (tags/v3.9.13:6de2ca5, May 17 2022, 16:36:42) [MSC v.1929 64 bit (AMD64)]",
        "command_line_arguments": "C:\\Users\\Yaroslav\\Documents\\Unity Projects\\Race (URP)\\venv\\Scripts\\mlagents-learn config/BotControllerAgent.yaml --run-id=BotControllerAgent --resume",
        "mlagents_version": "0.30.0",
        "mlagents_envs_version": "0.30.0",
        "communication_protocol_version": "1.5.0",
        "pytorch_version": "2.1.0+cu118",
        "numpy_version": "1.21.2",
        "end_time_seconds": "1697942546"
    },
    "total": 30365.642428299998,
    "count": 1,
    "self": 0.007707900000241352,
    "children": {
        "run_training.setup": {
            "total": 0.09692750000000006,
            "count": 1,
            "self": 0.09692750000000006
        },
        "TrainerController.start_learning": {
            "total": 30365.5377929,
            "count": 1,
            "self": 22.986409298060607,
            "children": {
                "TrainerController._reset_env": {
                    "total": 10.5657034,
                    "count": 1,
                    "self": 10.5657034
                },
                "TrainerController.advance": {
                    "total": 30331.14830750194,
                    "count": 1146184,
                    "self": 21.422628802229156,
                    "children": {
                        "env_step": {
                            "total": 21173.794210200133,
                            "count": 1146184,
                            "self": 15107.14788470104,
                            "children": {
                                "SubprocessEnvManager._take_step": {
                                    "total": 6051.527927199703,
                                    "count": 1146184,
                                    "self": 112.36254259927955,
                                    "children": {
                                        "TorchPolicy.evaluate": {
                                            "total": 5939.165384600424,
                                            "count": 1130011,
                                            "self": 5939.165384600424
                                        }
                                    }
                                },
                                "workers": {
                                    "total": 15.118398299390222,
                                    "count": 1146183,
                                    "self": 0.0,
                                    "children": {
                                        "worker_root": {
                                            "total": 30259.17307659976,
                                            "count": 1146183,
                                            "is_parallel": true,
                                            "self": 17349.661920598694,